{"item.spyglass.use":{"sounds":[{"name":"item\/spyglass\/funny","volume":0.5}],"replace":true},"block.portal.ambient":{"sounds":[{"attenuation_distance":10,"name":"portal\/portal","volume":0.05}],"replace":true,"subtitle":"subtitles.block.portal.ambient"},"block.portal.travel":{"sounds":[{"name":"portal\/travel","volume":0.05}],"replace":true},"block.portal.trigger":{"sounds":[{"name":"portal\/trigger","volume":0.05}],"replace":true,"subtitle":"subtitles.block.portal.trigger"},"entity.minecart.inside":{"sounds":[{"name":"minecart\/inside","volume":0.05}],"replace":true},"entity.minecart.inside.underwater":{"sounds":[{"name":"minecart\/inside_underwater1","volume":0.05},{"name":"minecart\/inside_underwater2","volume":0.05},{"name":"minecart\/inside_underwater3","volume":0.05}],"replace":true},"entity.minecart.riding":{"sounds":[{"name":"minecart\/base","volume":0.05}],"replace":true,"subtitle":"subtitles.entity.minecart.riding"},"block.dispenser.dispense":{"sounds":[{"name":"random\/click","volume":0.05}],"replace":true,"subtitle":"subtitles.block.dispenser.dispense"},"block.dispenser.fail":{"sounds":[{"name":"random\/click","volume":0.05}],"replace":true,"subtitle":"subtitles.block.dispenser.fail"},"block.dispenser.launch":{"sounds":[{"name":"random\/bow","volume":0.05}],"replace":true,"subtitle":"subtitles.block.dispenser.dispense"},"block.chest.close":{"sounds":[{"attenuation_distance":12,"name":"block\/chest\/close1","volume":0.05},{"attenuation_distance":12,"name":"block\/chest\/close2","volume":0.05},{"attenuation_distance":12,"name":"block\/chest\/close3","volume":0.05}],"replace":true,"subtitle":"subtitles.block.chest.close"},"block.chest.locked":{"sounds":[{"name":"block\/chest\/close_locked","volume":0.05},{"name":"block\/chest\/open_locked","volume":0.05}],"replace":true,"subtitle":"subtitles.block.chest.locked"},"block.chest.open":{"sounds":[{"attenuation_distance":12,"name":"block\/chest\/open","volume":0.05}],"replace":true,"subtitle":"subtitles.block.chest.open"},"block.copper_chest.close":{"sounds":[{"attenuation_distance":12,"name":"block\/copper_chest\/copper_chest_close1","volume":0.05},{"attenuation_distance":12,"name":"block\/copper_chest\/copper_chest_close2","volume":0.05},{"attenuation_distance":12,"name":"block\/copper_chest\/copper_chest_close3","volume":0.05}],"replace":true,"subtitle":"subtitles.block.copper_chest.close"},"block.copper_chest.open":{"sounds":[{"attenuation_distance":12,"name":"block\/copper_chest\/copper_chest_open1","volume":0.05},{"attenuation_distance":12,"name":"block\/copper_chest\/copper_chest_open2","volume":0.05},{"attenuation_distance":12,"name":"block\/copper_chest\/copper_chest_open3","volume":0.05}],"replace":true,"subtitle":"subtitles.block.copper_chest.open"},"block.copper_chest_oxidized.close":{"sounds":[{"attenuation_distance":12,"name":"block\/copper_chest\/copper_chest_oxidized_close1","volume":0.05},{"attenuation_distance":12,"name":"block\/copper_chest\/copper_chest_oxidized_close2","volume":0.05},{"attenuation_distance":12,"name":"block\/copper_chest\/copper_chest_oxidized_close3","volume":0.05}],"replace":true,"subtitle":"subtitles.block.copper_chest.close"},"block.copper_chest_oxidized.open":{"sounds":[{"attenuation_distance":12,"name":"block\/copper_chest\/copper_chest_oxidized_open1","volume":0.05},{"attenuation_distance":12,"name":"block\/copper_chest\/copper_chest_oxidized_open2","volume":0.05},{"attenuation_distance":12,"name":"block\/copper_chest\/copper_chest_oxidized_open3","volume":0.05}],"replace":true,"subtitle":"subtitles.block.copper_chest.open"},"block.copper_chest_weathered.close":{"sounds":[{"attenuation_distance":12,"name":"block\/copper_chest\/copper_chest_weathered_close1","volume":0.05},{"attenuation_distance":12,"name":"block\/copper_chest\/copper_chest_weathered_close2","volume":0.05},{"attenuation_distance":12,"name":"block\/copper_chest\/copper_chest_weathered_close3","volume":0.05}],"replace":true,"subtitle":"subtitles.block.copper_chest.close"},"block.copper_chest_weathered.open":{"sounds":[{"attenuation_distance":12,"name":"block\/copper_chest\/copper_chest_weathered_open1","volume":0.05},{"attenuation_distance":12,"name":"block\/copper_chest\/copper_chest_weathered_open2","volume":0.05},{"attenuation_distance":12,"name":"block\/copper_chest\/copper_chest_weathered_open3","volume":0.05}],"replace":true,"subtitle":"subtitles.block.copper_chest.open"}}