{"block.portal.ambient":{"sounds":[{"attenuation_distance":10,"name":"portal\/portal","volume":0.05}],"replace":true,"subtitle":"subtitles.block.portal.ambient"},"block.portal.travel":{"sounds":[{"name":"portal\/travel","volume":0.05}],"replace":true},"block.portal.trigger":{"sounds":[{"name":"portal\/trigger","volume":0.05}],"replace":true,"subtitle":"subtitles.block.portal.trigger"},"entity.minecart.inside":{"sounds":[{"name":"minecart\/inside","volume":0.05}],"replace":true},"entity.minecart.inside.underwater":{"sounds":[{"name":"minecart\/inside_underwater1","volume":0.05},{"name":"minecart\/inside_underwater2","volume":0.05},{"name":"minecart\/inside_underwater3","volume":0.05}],"replace":true},"entity.minecart.riding":{"sounds":[{"name":"minecart\/base","volume":0.05}],"replace":true,"subtitle":"subtitles.entity.minecart.riding"},"block.dispenser.dispense":{"sounds":[{"name":"random\/click","volume":0.05}],"replace":true,"subtitle":"subtitles.block.dispenser.dispense"},"block.dispenser.fail":{"sounds":[{"name":"random\/click","volume":0.05}],"replace":true,"subtitle":"subtitles.block.dispenser.fail"},"block.dispenser.launch":{"sounds":[{"name":"random\/bow","volume":0.05}],"replace":true,"subtitle":"subtitles.block.dispenser.dispense"},"item.spyglass.use":{"sounds":[{"name":"item\/spyglass\/funny","volume":0.5}],"replace":true},"entity.happy_ghast.ambient":{"sounds":[{"name":"mob\/happy_ghast\/ambient1","volume":0.05},{"name":"mob\/happy_ghast\/ambient2","volume":0.05},{"name":"mob\/happy_ghast\/ambient3","volume":0.05},{"name":"mob\/happy_ghast\/ambient4","volume":0.05},{"name":"mob\/happy_ghast\/ambient5","volume":0.05},{"name":"mob\/happy_ghast\/ambient6","volume":0.05},{"name":"mob\/happy_ghast\/ambient7","volume":0.05},{"name":"mob\/happy_ghast\/ambient8","volume":0.05},{"name":"mob\/happy_ghast\/ambient9","volume":0.05},{"name":"mob\/happy_ghast\/ambient10","volume":0.05},{"name":"mob\/happy_ghast\/ambient11","volume":0.05},{"name":"mob\/happy_ghast\/ambient12","volume":0.05},{"name":"mob\/happy_ghast\/ambient13","volume":0.05},{"name":"mob\/happy_ghast\/ambient14","volume":0.05}],"replace":true,"subtitle":"subtitles.entity.happy_ghast.ambient"}}